zipcode,state,description,viewport
7001,NJ,Avenel,40.6022501:40.5677839:-74.2441881:-74.294534
7002,NJ,Bayonne,40.6971391:40.6422759:-74.0683179:-74.1469609
7003,NJ,Bloomfield,40.848799:40.7678389:-74.162628:-74.21189
7004,NJ,Fairfield,40.909093:40.8446669:-74.253727:-74.3406171
7005,NJ,Boonton,40.9814359:40.873568:-74.3740298:-74.4785559
7006,NJ,Caldwell,40.8822988:40.8267983:-74.2421032:-74.3331557
7007,NJ,Caldwell,40.8413489802915:40.8386510197085:-74.2986510197085:-74.3013489802915
7008,NJ,Carteret,40.6027111:40.556996:-74.203688:-74.256858
7009,NJ,Cedar Grove,40.8807988:40.8333099:-74.204821:-74.251892
7010,NJ,Cliffside Park,40.8345199:40.806453:-73.9763821:-73.9980001
7011,NJ,Clifton,40.895339:40.8594018:-74.1181478:-74.1680701
7012,NJ,Clifton,40.8624049:40.831483:-74.140756:-74.1794029
7013,NJ,Clifton,40.901198:40.8469721:-74.143391:-74.197734
7014,NJ,Clifton,40.8449739:40.8199619:-74.121087:-74.158502
7015,NJ,Clifton,40.8708155802915:40.8681176197085:-74.1500225197085:-74.1527204802915
7016,NJ,Cranford,40.677841:40.6334588:-74.2806908:-74.3276931
7017,NJ,East Orange,40.788123:40.7556559:-74.1899889:-74.223559
7018,NJ,East Orange,40.7684778:40.7450491:-74.197289:-74.238349
7019,NJ,East Orange,40.7621627802915:40.7594648197085:-74.2079972197085:-74.2106951802915
7020,NJ,Edgewater,40.8481:40.7975169:-73.9539819:-73.9944119
7021,NJ,Essex Fells,40.8352771:40.813877:-74.25979:-74.299695
7022,NJ,Fairview,40.8267109:40.80847:-73.9907981:-74.0136248
7023,NJ,Fanwood,40.6533159:40.6304529:-74.3718279:-74.4017489
7024,NJ,Fort Lee,40.868767:40.8276:-73.948385:-73.991325
7026,NJ,Garfield,40.8936639:40.8614581:-74.0919129:-74.131447
7027,NJ,Garwood,40.6581538:40.6419889:-74.3122981:-74.3337589
7028,NJ,Glen Ridge,40.8290019:40.7855999:-74.1915981:-74.2187299
7029,NJ,Harrison,40.7542729:40.733501:-74.1367609:-74.166087
7030,NJ,Hoboken,40.759119:40.7303209:-74.015677:-74.044117
7031,NJ,North Arlington,40.805282:40.7701001:-74.1033859:-74.1475289
7032,NJ,Kearny,40.786614:40.7159629:-74.0737439:-74.165018
7033,NJ,Kenilworth,40.6918759:40.664791:-74.269352:-74.3159879
7034,NJ,Lake Hiawatha,40.89292:40.863608:-74.354787:-74.39653
7035,NJ,Lincoln Park,40.9530029:40.8913389:-74.265575:-74.341063
7036,NJ,Linden,40.654927:40.589707:-74.1994079:-74.2990471
7039,NJ,Livingston,40.818416:40.755736:-74.280592:-74.3776659
7040,NJ,Maplewood,40.746264:40.7132999:-74.243128:-74.2890919
7041,NJ,Millburn,40.752908:40.7121761:-74.285158:-74.3178959
7042,NJ,Montclair,40.836049:40.788323:-74.1951439:-74.2376399
7043,NJ,Montclair,40.865223:40.8278959:-74.1826891:-74.219574
7044,NJ,Verona,40.849829:40.8148629:-74.2209899:-74.2643049
7045,NJ,Montville,40.955394:40.8665389:-74.334222:-74.393762
7046,NJ,Mountain Lakes,40.907151:40.8770099:-74.4175619:-74.4658079
7047,NJ,North Bergen,40.8235689:40.75737:-73.9849229:-74.056895
7050,NJ,Orange,40.7897999:40.75199:-74.2184851:-74.2552731
7051,NJ,Orange,40.7713489802915:40.7686510197085:-74.2286510197085:-74.2313489802915
7052,NJ,West Orange,40.826557:40.748194:-74.22089:-74.3072079
7054,NJ,Parsippany,40.892651:40.824991:-74.338036:-74.468426
7055,NJ,Passaic,40.876812:40.8348869:-74.1060199:-74.1467039
7057,NJ,Wallington,40.8637809:40.8414779:-74.0963021:-74.1200691
7058,NJ,Pine Brook,40.8889129:40.8306958:-74.317394:-74.36287
7059,NJ,Warren,40.6733429:40.5873541:-74.4514:-74.5761349
7060,NJ,Plainfield,40.641576:40.5985129:-74.3898:-74.4648799
7061,NJ,Plainfield,40.6215920802915:40.6188941197085:-74.4186716197085:-74.4213695802915
7062,NJ,Plainfield,40.644185:40.6201159:-74.3827909:-74.422786
7063,NJ,Plainfield,40.618556:40.594805:-74.424699:-74.462913
7064,NJ,Port Reading,40.579726:40.558909:-74.2286013:-74.2697419
7065,NJ,Rahway,40.6275299:40.5914289:-74.2556079:-74.3053259
7066,NJ,Clark,40.6399509:40.604703:-74.2769179:-74.3478719
7067,NJ,Colonia,40.6089118:40.5698578:-74.290775:-74.338493
7068,NJ,Roseland,40.838299:40.8068279:-74.2768529:-74.3352351
7069,NJ,Watchung,40.668946:40.617768:-74.4018389:-74.4824321
7070,NJ,Rutherford,40.847945:40.805675:-74.0923349:-74.1248889
7071,NJ,Lyndhurst,40.822629:40.778867:-74.0809319:-74.139967
7072,NJ,Carlstadt,40.8504119:40.803644:-74.025016:-74.1027699
7073,NJ,East Rutherford,40.853228:40.7957889:-74.0651889:-74.1207868
7074,NJ,Moonachie,40.8478939:40.829673:-74.03901:-74.0787879
7075,NJ,Wood Ridge,40.865096:40.8375929:-74.0751219:-74.0989229
7076,NJ,Scotch Plains,40.6782339:40.600901:-74.3232729:-74.4082639
7077,NJ,Sewaren,40.568245:40.536874:-74.228589:-74.2717249
7078,NJ,Short Hills,40.761871:40.717075:-74.2917299:-74.3722168
7079,NJ,South Orange,40.7623139:40.7357839:-74.234841:-74.292445
7080,NJ,South Plainfield,40.601615:40.543835:-74.3861598:-74.4414399
7081,NJ,Springfield,40.719732:40.674774:-74.2991468:-74.36039
7082,NJ,Towaco,40.9584579:40.893881:-74.3212689:-74.3776929
7083,NJ,Union,40.7186279:40.670169:-74.2255569:-74.3122259
7086,NJ,Weehawken,40.780685:40.7493469:-74.0013271:-74.0326988
7087,NJ,Union City,40.782873:40.7484459:-74.0147979:-74.0458598
7088,NJ,Vauxhall,40.7222679:40.713646:-74.273626:-74.2986899
7090,NJ,Westfield,40.6821921:40.6244:-74.313192:-74.3789581
7091,NJ,Westfield,40.6522632802915:40.6495653197085:-74.3445918197085:-74.3472897802915
7092,NJ,Mountainside,40.699821:40.6642949:-74.3312979:-74.387621
7093,NJ,West New York,40.798891:40.774384:-73.991618:-74.023601
7094,NJ,Secaucus,40.8169118:40.7503369:-74.0290391:-74.09546
7095,NJ,Woodbridge,40.573834:40.5345019:-74.2600059:-74.3129281
7096,NJ,Secaucus,40.7756053802915:40.7729074197085:-74.0619281197085:-74.0646260802915
7097,NJ,Jersey City,40.763334:40.74194:-74.059218:-74.07659
7099,NJ,Kearny,40.7504331:40.7413979:-74.118209:-74.138892
7101,NJ,Newark,40.7318862802915:40.7291883197085:-74.1717272197085:-74.1744251802915
7102,NJ,Newark,40.74895:40.7230539:-74.161958:-74.1843449
7103,NJ,Newark,40.751035:40.726661:-74.1735659:-74.215378
7104,NJ,Newark,40.7888271:40.7474459:-74.147778:-74.1852089
7105,NJ,Newark,40.7429749:40.6978079:-74.1127869:-74.1751759
7106,NJ,Newark,40.751475:40.7305819:-74.2072981:-74.251361
7107,NJ,Newark,40.786215:40.7414791:-74.1733679:-74.2023321
7108,NJ,Newark,40.7317929:40.713114:-74.1830549:-74.21835
7109,NJ,Belleville,40.8117639:40.774661:-74.1384471:-74.1869179
7110,NJ,Nutley,40.837869:40.80555:-74.1306199:-74.183836
7111,NJ,Irvington,40.74327:40.7082901:-74.209375:-74.2562899
7112,NJ,Newark,40.721354:40.699933:-74.1934739:-74.2285711
7114,NJ,Newark,40.7273208:40.671347:-74.117267:-74.212693
7175,NJ,Newark,40.7413489802915:40.7386510197085:-74.1686510197085:-74.1713489802915
7182,NJ,Newark,44.6497991:44.6169641:4.338385:4.2846809
7184,NJ,Newark,40.7413489802915:40.7386510197085:-74.1686510197085:-74.1713489802915
7188,NJ,Newark,40.7413489802915:40.7386510197085:-74.1686510197085:-74.1713489802915
7189,NJ,Newark,40.7913489802915:40.7886510197085:-74.1586510197085:-74.1613489802915
7191,NJ,Newark,40.7413489802915:40.7386510197085:-74.1686510197085:-74.1713489802915
7192,NJ,Newark,40.7413489802915:40.7386510197085:-74.1686510197085:-74.1713489802915
7193,NJ,Newark,40.7413489802915:40.7386510197085:-74.1686510197085:-74.1713489802915
7194,NJ,Newark,44.6977839:44.657938:4.6515009:4.5610039
7195,NJ,Newark,40.7413489802915:40.7386510197085:-74.1686510197085:-74.1713489802915
7198,NJ,Newark,40.7413489802915:40.7386510197085:-74.1686510197085:-74.1713489802915
7199,NJ,Newark,40.7413489802915:40.7386510197085:-74.1686510197085:-74.1713489802915
7201,NJ,Elizabeth,40.6907379:40.6548:-74.1367031:-74.2172631
7202,NJ,Elizabeth,40.667164:40.6250578:-74.187797:-74.2443511
7203,NJ,Roselle,40.663509:40.6372439:-74.2352089:-74.285786
7204,NJ,Roselle Park,40.672773:40.658626:-74.2466519:-74.285376
7205,NJ,Hillside,40.7111899:40.6750479:-74.209042:-74.2493049
7206,NJ,Elizabethport,40.6652131:40.6418589:-74.153041:-74.208022
7207,NJ,Elizabeth,40.6711413802915:40.6684434197085:-74.2145051197085:-74.2172030802915
7208,NJ,Elizabeth,40.690428:40.663187:-74.201889:-74.2542161
7302,NJ,Jersey City,40.7311249:40.7094359:-74.022511:-74.0658999
7303,NJ,Jersey City,40.7131430802915:40.7104451197085:-74.0768390197085:-74.0795369802915
7304,NJ,Jersey City,40.7291309:40.7021689:-74.0528531:-74.101592
7305,NJ,Jersey City,40.718694:40.663954:-74.033981:-74.1107349
7306,NJ,Jersey City,40.752378:40.720452:-74.0470849:-74.0991081
7307,NJ,Jersey City,40.763642:40.736576:-74.038731:-74.0652361
7308,NJ,Jersey City,40.7213209802915:40.7186230197085:-74.0386258197085:-74.0413237802915
7309,NJ,Jersey City,45.1875861:45.09646:4.643775:4.5411289
7310,NJ,Jersey City,40.7378139:40.720573:-74.020405:-74.0521499
7311,NJ,Jersey City,40.7181367802915:40.7154388197085:-74.0360591197085:-74.0387570802915
7395,NJ,Jersey City,40.7313488802915:40.7286509197085:-74.0786510197085:-74.0813489802915
7399,NJ,Jersey City,40.7313488802915:40.7286509197085:-74.0786510197085:-74.0813489802915
7401,NJ,Allendale,41.0487441:41.018464:-74.114553:-74.1556041
7403,NJ,Bloomingdale,41.046277:40.998244:-74.3004248:-74.3631159
7405,NJ,Butler,41.0383889:40.946313:-74.325607:-74.451661
7407,NJ,Elmwood Park,40.924503:40.8868991:-74.1019709:-74.1342929
7410,NJ,Fair Lawn,40.955009:40.9175789:-74.0893191:-74.148171
7416,NJ,Franklin,41.138146:41.0759508:-74.551649:-74.638551
7417,NJ,Franklin Lakes,41.0437778:40.978688:-74.16758:-74.2484699
7418,NJ,Glenwood,41.2691291:41.2095239:-74.464932:-74.508608
7419,NJ,Hamburg,41.199369:41.101214:-74.5109971:-74.633166
7420,NJ,Haskell,41.048715:41.011397:-74.2832969:-74.322637
7421,NJ,Hewitt,41.219676:41.101959:-74.2799529:-74.43509
7422,NJ,Highland Lakes,41.229591:41.1305971:-74.3960599:-74.4802249
7423,NJ,Ho Ho Kus,41.0084949:40.98976:-74.0773069:-74.1198789
7424,NJ,Little Falls,40.907398:40.8596221:-74.174988:-74.254328
7428,NJ,Mc Afee,41.1749030802915:41.1722051197085:-74.5462538197085:-74.5489517802915
7430,NJ,Mahwah,41.137827:41.0220879:-74.1037871:-74.248939
7432,NJ,Midland Park,41.0075929:40.9822585:-74.1280269:-74.1571538
7435,NJ,Newfoundland,41.0950329:40.9917251:-74.3930319:-74.5130819
7436,NJ,Oakland,41.0638201:40.992303:-74.201773:-74.2724838
7438,NJ,Oak Ridge,41.089851:40.978398:-74.4451599:-74.5669869
7439,NJ,Ogdensburg,41.0940961:41.06375:-74.5770041:-74.6156051
7440,NJ,Pequannock,40.9574069:40.9350709:-74.2775549:-74.313796
7442,NJ,Pompton Lakes,41.027009:40.9788:-74.266713:-74.301519
7444,NJ,Pompton Plains,40.988262:40.950832:-74.276892:-74.3362431
7446,NJ,Ramsey,41.077908:41.0405059:-74.1144439:-74.176283
7450,NJ,Ridgewood,41.007582:40.955009:-74.077176:-74.1490879
7451,NJ,Ridgewood,40.9813488802915:40.9786509197085:-74.1186510197085:-74.1213489802915
7452,NJ,Glen Rock,40.9732289:40.9484409:-74.1003129:-74.146429
7456,NJ,Ringwood,41.162994:41.060396:-74.220282:-74.3461951
7457,NJ,Riverdale,41.003175:40.982081:-74.292442:-74.3321731
7458,NJ,Saddle River,41.086896:41.0044751:-74.0719149:-74.1235919
7460,NJ,Stockholm,41.1679491:41.0393209:-74.416899:-74.5710066
7461,NJ,Sussex,41.3363831:41.16111:-74.489036:-74.7491669
7462,NJ,Vernon,41.2531051:41.155786:-74.420202:-74.5619969
7463,NJ,Waldwick,41.0223691:41.0052631:-74.093876:-74.1520839
7465,NJ,Wanaque,41.0729321:41.0236078:-74.2505949:-74.351283
7470,NJ,Wayne,41.014063:40.8828509:-74.193401:-74.2904149
7474,NJ,Wayne,40.9267170802915:40.9240191197085:-74.2752950197085:-74.2779929802915
7480,NJ,West Milford,41.1591589:41.0112698:-74.3242788:-74.482712
7481,NJ,Wyckoff,41.02585:40.971137:-74.137536:-74.1918351
7495,NJ,Mahwah,41.1052789:41.1023968:-74.1620399:-74.1668219
7501,NJ,Paterson,40.926261:40.901198:-74.1530838:-74.1956891
7502,NJ,Paterson,40.930375:40.907072:-74.1813069:-74.2061969
7503,NJ,Paterson,40.9082889:40.888045:-74.135618:-74.176188
7504,NJ,Paterson,40.9184039:40.9019489:-74.130718:-74.154318
7505,NJ,Paterson,40.923303:40.9101969:-74.1671531:-74.1819889
7506,NJ,Hawthorne,40.9838651:40.9343298:-74.141048:-74.1715881
7507,NJ,Hawthorne,40.9503412802915:40.9476433197085:-74.1521958197085:-74.1548937802915
7508,NJ,Haledon,40.980156:40.92333:-74.1671269:-74.211732
7509,NJ,Paterson,40.9113488802915:40.9086509197085:-74.1686510197085:-74.1713489802915
7510,NJ,Paterson,40.9160978802915:40.9133999197085:-74.1672515197085:-74.1699494802915
7511,NJ,Totowa,40.9113488802915:40.9086509197085:-74.2086509197085:-74.2113488802915
7512,NJ,Totowa,40.924748:40.882569:-74.1960939:-74.251887
7513,NJ,Paterson,40.9147431:40.8922751:-74.129695:-74.1584378
7514,NJ,Paterson,40.942153:40.916182:-74.1289501:-74.155376
7522,NJ,Paterson,40.933461:40.91173:-74.1651311:-74.193295
7524,NJ,Paterson,40.94159:40.9219328:-74.1459649:-74.168014
7533,NJ,Paterson,40.8966700802915:40.8939721197085:-74.1588106197085:-74.1615085802915
7538,NJ,Haledon,40.9413489802915:40.9386510197085:-74.1886510197085:-74.1913489802915
7543,NJ,Paterson,40.9113488802915:40.9086509197085:-74.1486510197085:-74.1513489802915
7544,NJ,Paterson,40.9158217802915:40.9131238197085:-74.1654378197085:-74.1681357802915
7601,NJ,Hackensack,40.9132849:40.8586979:-74.024737:-74.068385
7602,NJ,Hackensack,40.8912774802915:40.8885795197085:-74.0386210197085:-74.0413189802915
7603,NJ,Bogota,40.8846369:40.865573:-74.020786:-74.0403369
7604,NJ,Hasbrouck Heights,40.8759991:40.847395:-74.0587989:-74.0893798
7605,NJ,Leonia,40.8757041:40.8502491:-73.9754091:-74.007688
7606,NJ,South Hackensack,40.873872:40.8537941:-74.039638:-74.0578301
7607,NJ,Maywood,40.917153:40.8868099:-74.0505599:-74.073247
7608,NJ,Teterboro,40.8708411:40.837185:-74.048784:-74.077439
7620,NJ,Alpine,40.9561909:40.9195901:-73.91834:-73.941681
7621,NJ,Bergenfield,40.9403378:40.908392:-73.979705:-74.017461
7624,NJ,Closter,41.0058969:40.913604:-73.8939789:-73.9991779
7626,NJ,Cresskill,40.9546121:40.9257829:-73.9360653:-73.979871
7627,NJ,Demarest,40.967934:40.940454:-73.9286281:-73.9757811
7628,NJ,Dumont,40.9580039:40.9348959:-73.9755809:-74.0107819
7630,NJ,Emerson,40.9869621:40.9538771:-73.9934908:-74.056979
7631,NJ,Englewood,40.9136169:40.8655679:-73.949229:-73.995029
7632,NJ,Englewood Cliffs,40.9057021:40.858471:-73.927119:-73.967697
7640,NJ,Harrington Park,41.006789:40.9768119:-73.9638159:-73.997732
7641,NJ,Haworth,40.9726349:40.954282:-73.974041:-74.0227828
7642,NJ,Hillsdale,41.021169:40.994009:-74.0192358:-74.0773069
7643,NJ,Little Ferry,40.85919:40.823186:-74.018961:-74.0539809
7644,NJ,Lodi,40.8950929:40.8614418:-74.0640249:-74.0986399
7645,NJ,Montvale,41.0728831:41.0366:-74.0124521:-74.0793689
7646,NJ,New Milford,40.952098:40.9139201:-74.002567:-74.0334309
7647,NJ,Northvale,41.022542:40.9936:-73.9220799:-73.9652528
7648,NJ,Norwood,41.0116719:40.9763491:-73.9259911:-73.970648
7649,NJ,Oradell,40.9715968:40.940142:-74.0025829:-74.051315
7650,NJ,Palisades Park,40.8569699:40.8360369:-73.980459:-74.0107489
7652,NJ,Paramus,40.980635:40.9081781:-74.0388439:-74.101362
7653,NJ,Paramus,40.9497613802915:40.9470634197085:-74.0672745197085:-74.0699724802915
7656,NJ,Park Ridge,41.049278:41.019661:-74.018765:-74.069675
7657,NJ,Ridgefield,40.8462028:40.814799:-73.9887609:-74.0282069
7660,NJ,Ridgefield Park,40.8680431:40.8308071:-74.004683:-74.035641
7661,NJ,River Edge,40.943689:40.908893:-74.0256939:-74.0506411
7662,NJ,Rochelle Park,40.9202371:40.890394:-74.068909:-74.090897
7663,NJ,Saddle Brook,40.9210981:40.8842348:-74.0788631:-74.1133739
7666,NJ,Teaneck,40.917079:40.860683:-73.9873898:-74.0373879
7670,NJ,Tenafly,40.9378261:40.895496:-73.919898:-73.99112
7675,NJ,Westwood,41.046396:40.973332:-73.9590471:-74.0552859
7676,NJ,Township Of Washington,41.0044751:40.9670909:-74.0462491:-74.080117
7677,NJ,Woodcliff Lake,41.049413:41.010297:-74.025496:-74.0848609
7699,NJ,Teterboro,40.855637:40.8510869:-74.0663079:-74.070273
7701,NJ,Red Bank,40.3954109:40.3180849:-74.0302219:-74.113394
7702,NJ,Shrewsbury,40.338267:40.309911:-74.0406529:-74.074905
7703,NJ,Fort Monmouth,40.322437:40.3057151:-74.028993:-74.059308
7704,NJ,Fair Haven,40.372673:40.3479819:-74.0189861:-74.0592091
7709,NJ,Red Bank,40.2413489802915:40.2386510197085:-73.9986510197085:-74.0013489802915
7710,NJ,Adelphia,40.2189988802915:40.2163009197085:-74.2547673197085:-74.2574652802915
7711,NJ,Allenhurst,40.2496129:40.2300669:-73.9928809:-74.022762
7712,NJ,Asbury Park,40.28123:40.210698:-73.9946809:-74.110838
7715,NJ,Belmar,40.1813489802915:40.1786510197085:-74.0186510197085:-74.0213489802915
7716,NJ,Atlantic Highlands,40.422202:40.3856928:-74.0004829:-74.0815471
7717,NJ,Avon By The Sea,40.19943:40.1857159:-74.0049811:-74.024877
7718,NJ,Belford,40.435668:40.3970489:-74.0680001:-74.10122
7719,NJ,Belmar,40.200357:40.1331069:-74.006481:-74.1551651
7720,NJ,Bradley Beach,40.208996:40.1951099:-74.003181:-74.0224769
7721,NJ,Cliffwood,40.4450578:40.4283319:-74.218088:-74.2472069
7722,NJ,Colts Neck,40.3457181:40.2320549:-74.100673:-74.2252951
7723,NJ,Deal,40.26345:40.2372659:-73.9866809:-74.019866
7724,NJ,Eatontown,40.337219:40.25607:-74.0235169:-74.14024
7726,NJ,Englishtown,40.353398:40.2088989:-74.2817489:-74.408085
7727,NJ,Farmingdale,40.2806438:40.1342939:-74.071589:-74.239031
7728,NJ,Freehold,40.2954789:40.1685071:-74.181796:-74.406777
7730,NJ,Hazlet,40.4425529:40.405025:-74.136166:-74.2138319
7731,NJ,Howell,40.219443:40.098812:-74.1128131:-74.2701221
7732,NJ,Highlands,40.476472:40.3832839:-73.9725891:-74.018302
7733,NJ,Holmdel,40.426786:40.3251689:-74.125968:-74.2090531
7734,NJ,Keansburg,40.459807:40.4265979:-74.1168859:-74.15556
7735,NJ,Keyport,40.4587001:40.422427:-74.1469569:-74.2465969
7737,NJ,Leonardo,40.4282649:40.3946028:-74.0472658:-74.0743841
7738,NJ,Lincroft,40.3656889:40.315771:-74.0981599:-74.152337
7739,NJ,Little Silver,40.3522419:40.3204939:-74.0089578:-74.0636909
7740,NJ,Long Branch,40.329783:40.260211:-73.9716611:-74.0139629
7746,NJ,Marlboro,40.357076:40.2769318:-74.197556:-74.296999
7747,NJ,Matawan,40.4510469:40.3817611:-74.2077699:-74.303772
7748,NJ,Middletown,40.4461069:40.3459091:-74.062597:-74.14738
7750,NJ,Monmouth Beach,40.345839:40.322409:-73.9709809:-74.003734
7751,NJ,Morganville,40.407247:40.322167:-74.197578:-74.327404
7752,NJ,Navesink,40.4086439802915:40.4059460197085:-74.0351891197085:-74.0378870802915
7753,NJ,Neptune,40.2624369:40.1792108:-74.0152559:-74.143
7754,NJ,Neptune,40.2119959802915:40.2092980197085:-74.0343137197085:-74.0370116802915
7755,NJ,Oakhurst,40.2753888:40.2518299:-73.9997109:-74.0433849
7756,NJ,Ocean Grove,40.217172:40.2066039:-73.9984811:-74.0160229
7757,NJ,Oceanport,40.3368588:40.298748:-73.9943789:-74.0412379
7758,NJ,Port Monmouth,40.443207:40.416952:-74.0796369:-74.1248518
7760,NJ,Rumson,40.404252:40.3365541:-73.9709809:-74.0388031
7762,NJ,Spring Lake,40.1690251:40.137514:-74.0150809:-74.0589769
7763,NJ,Tennent,40.2826622802915:40.2799643197085:-74.3291830197085:-74.3318809802915
7764,NJ,West Long Branch,40.3048549:40.2721698:-74.001402:-74.03845
7765,NJ,Wickatunk,40.3515152802915:40.3488173197085:-74.2466169197085:-74.2493148802915
7799,NJ,Eatontown,40.275966:40.271943:-74.0433849:-74.0670471
7801,NJ,Dover,40.9767169:40.871553:-74.5086819:-74.584118
7802,NJ,Dover,40.8866287802915:40.8839308197085:-74.5571953197085:-74.5598932802915
7803,NJ,Mine Hill,40.898137:40.8619629:-74.5761639:-74.6248618
7806,NJ,Picatinny Arsenal,40.8913489802915:40.8886510197085:-74.5786510197085:-74.5813489802915
7820,NJ,Allamuchy,40.9232683802915:40.9205704197085:-74.8089921197085:-74.8116900802915
7821,NJ,Andover,41.0244039:40.9134869:-74.614808:-74.888036
7822,NJ,Augusta,41.176393:41.1115249:-74.6608009:-74.7472459
7823,NJ,Belvidere,40.879127:40.7734339:-74.9601439:-75.116193
7825,NJ,Blairstown,41.0945199:40.8713148:-74.843045:-75.0868859
7826,NJ,Branchville,41.2665849:41.124105:-74.6637079:-74.9029328
7827,NJ,Montague,41.357423:41.2189451:-74.6489791:-74.856909
7828,NJ,Budd Lake,40.9146719:40.8430111:-74.7074139:-74.8072109
7829,NJ,Buttzville,40.8313489802915:40.8286510197085:-75.0086510197085:-75.0113489802915
7830,NJ,Califon,40.7678609:40.6747159:-74.7159091:-74.8909878
7831,NJ,Changewater,40.7395976802915:40.7368997197085:-74.9427042197085:-74.9454021802915
7832,NJ,Columbia,41.0193479:40.839704:-75.002953:-75.1356399
7833,NJ,Delaware,40.898903:40.8883309:-75.0641661:-75.073879
7834,NJ,Denville,40.935156:40.833023:-74.4385679:-74.5335701
7836,NJ,Flanders,40.892973:40.811862:-74.6509861:-74.7685389
7837,NJ,Glasser,40.9733121302915:40.9706141697085:-74.6344257197085:-74.6371236802915
7838,NJ,Great Meadows,40.929418:40.8347781:-74.8429538:-74.987091
7839,NJ,Greendell,40.9740911802915:40.9713932197085:-74.8185950197085:-74.8212929802915
7840,NJ,Hackettstown,40.9442809:40.7997631:-74.7386948:-74.905348
7842,NJ,Hibernia,40.9500729:40.944755:-74.49303:-74.496801
7843,NJ,Hopatcong,40.9618919:40.9144:-74.634636:-74.685143
7844,NJ,Hope,40.912841:40.9022409:-74.9673309:-74.9756471
7845,NJ,Ironia,40.8233519802915:40.8206540197085:-74.6250520197085:-74.6277499802915
7846,NJ,Johnsonburg,40.970258:40.961959:-74.873283:-74.8831901
7847,NJ,Kenvil,40.902978:40.867063:-74.5990861:-74.6461609
7848,NJ,Lafayette,41.1756359:41.035609:-74.621576:-74.737609
7849,NJ,Lake Hopatcong,41.02126:40.9272701:-74.5230639:-74.6415551
7850,NJ,Landing,40.9232979:40.89059:-74.637782:-74.6943139
7851,NJ,Layton,41.2789749:41.081949:-74.8151849:-74.992015
7852,NJ,Ledgewood,40.8945189:40.859597:-74.6380218:-74.6908
7853,NJ,Long Valley,40.8488739:40.719193:-74.7241069:-74.8897058
7855,NJ,Middleville,41.0571023802915:41.0544044197085:-74.8611337197085:-74.8638316802915
7856,NJ,Mount Arlington,40.9426811:40.891618:-74.6145379:-74.657146
7857,NJ,Netcong,40.909003:40.889418:-74.679661:-74.723218
7860,NJ,Newton,41.175:40.954026:-74.6867269:-74.964309
7863,NJ,Oxford,40.861748:40.770202:-74.8815919:-75.0457289
7865,NJ,Port Murray,40.841285:40.7540989:-74.8632711:-74.9589411
7866,NJ,Rockaway,41.0417909:40.8774049:-74.424285:-74.5560949
7869,NJ,Randolph,40.883784:40.804873:-74.509252:-74.657802
7870,NJ,Schooleys Mountain,40.8020540802915:40.7993561197085:-74.8125893197085:-74.8152872802915
7871,NJ,Sparta,41.1186109:40.9866618:-74.536002:-74.700171
7874,NJ,Stanhope,40.9624969:40.899156:-74.6656791:-74.7715141
7875,NJ,Stillwater,41.0364597802915:41.0337618197085:-74.8750494197085:-74.8777473802915
7876,NJ,Succasunna,40.877533:40.833537:-74.6229038:-74.6895969
7877,NJ,Swartswood,41.0883570802915:41.0856591197085:-74.8264545197085:-74.8291524802915
7878,NJ,Mount Tabor,40.8755978:40.8668471:-74.4730042:-74.4834319
7879,NJ,Tranquility,40.9509608802915:40.9482629197085:-74.7984998197085:-74.8011977802915
7880,NJ,Vienna,40.8802401:40.869093:-74.884513:-74.8965411
7881,NJ,Wallpack Center,41.1313489802915:41.1286510197085:-74.9186510197085:-74.9213489802915
7882,NJ,Washington,40.7997699:40.70399:-74.9190369:-75.1069629
7885,NJ,Wharton,40.9898121:40.885738:-74.5041221:-74.6285279
7890,NJ,Branchville,41.1539952:41.1501534:-74.7420915:-74.747283
7901,NJ,Summit,40.739469:40.688708:-74.331328:-74.39332
7902,NJ,Summit,40.7172513802915:40.7145534197085:-74.3577098197085:-74.3604077802915
7920,NJ,Basking Ridge,40.741754:40.610738:-74.48713:-74.638012
7921,NJ,Bedminster,40.7013249:40.615956:-74.624162:-74.7393769
7922,NJ,Berkeley Heights,40.698754:40.652504:-74.3794499:-74.464491
7924,NJ,Bernardsville,40.758005:40.6937579:-74.548751:-74.6409759
7926,NJ,Brookside,40.7979869:40.794402:-74.565669:-74.5685819
7927,NJ,Cedar Knolls,40.8412329:40.805855:-74.436791:-74.4744311
7928,NJ,Chatham,40.7549999:40.6879689:-74.36624:-74.4497359
7930,NJ,Chester,40.834585:40.7194519:-74.6237079:-74.7406351
7931,NJ,Far Hills,40.773872:40.6592081:-74.5777409:-74.7238279
7932,NJ,Florham Park,40.798006:40.750268:-74.357748:-74.4406838
7933,NJ,Gillette,40.7188949:40.6660379:-74.4443509:-74.5030889
7934,NJ,Gladstone,40.749568:40.7013249:-74.6439828:-74.724516
7935,NJ,Green Village,40.753782:40.714985:-74.424381:-74.482962
7936,NJ,East Hanover,40.845329:40.7931861:-74.3296459:-74.4033429
7938,NJ,Liberty Corner,40.6665458802915:40.6638479197085:-74.5772474197085:-74.5799453802915
7939,NJ,Lyons,40.6694398802915:40.6667419197085:-74.5534399197085:-74.5561378802915
7940,NJ,Madison,40.7789779:40.7398899:-74.3920629:-74.4506869
7945,NJ,Mendham,40.830182:40.7411108:-74.5343549:-74.64851
7946,NJ,Millington,40.7058648:40.649347:-74.496104:-74.534605
7950,NJ,Morris Plains,40.876323:40.813782:-74.4438069:-74.5145509
7960,NJ,Morristown,40.8391739:40.7212151:-74.4013721:-74.5833367
7961,NJ,Convent Station,40.7979531802915:40.7952552197085:-74.4802269197085:-74.4829248802915
7962,NJ,Morristown,40.7983010802915:40.7956031197085:-74.4783157197085:-74.4810136802915
7963,NJ,Morristown,40.7983010802915:40.7956031197085:-74.4783157197085:-74.4810136802915
7970,NJ,Mount Freedom,40.8277265802915:40.8250286197085:-74.5818237197085:-74.5845216802915
7974,NJ,New Providence,40.7182679:40.6781809:-74.3808909:-74.4289551
7976,NJ,New Vernon,40.746452:40.708773:-74.457186:-74.5018889
7977,NJ,Peapack,40.719547:40.713192:-74.6568684:-74.664996
7978,NJ,Pluckemin,40.6468191802915:40.6441212197085:-74.6377311197085:-74.6404290802915
7979,NJ,Pottersville,40.719482:40.7158719:-74.7221379:-74.7257669
7980,NJ,Stirling,40.7056531:40.658831:-74.477389:-74.511844
7981,NJ,Whippany,40.8447:40.8003849:-74.3839588:-74.4571219
7999,NJ,Whippany,40.8253805802915:40.8226826197085:-74.4357903197085:-74.4384882802915
8001,NJ,Alloway,39.565532:39.534517:-75.3300151:-75.3757849
8002,NJ,Cherry Hill,39.9541879:39.9033379:-74.982503:-75.064199
8003,NJ,Cherry Hill,39.920704:39.8593501:-74.926935:-75.0208001
8004,NJ,Atco,39.7903679:39.7130329:-74.759371:-74.9238471
8005,NJ,Barnegat,39.854782:39.667142:-74.158585:-74.4554699
8006,NJ,Barnegat Light,39.812069:39.7377211:-74.0943569:-74.117525
8007,NJ,Barrington,39.8757059:39.852177:-75.0407889:-75.0673909
8008,NJ,Beach Haven,39.802388:39.448972:-74.09774:-74.3583189
8009,NJ,Berlin,39.8091748:39.7104059:-74.881366:-74.9858409
8010,NJ,Beverly,40.0733248:40.023906:-74.8889769:-74.9386164
8011,NJ,Birmingham,39.9781311802915:39.9754332197085:-74.7088099197085:-74.7115078802915
8012,NJ,Blackwood,39.8458149:39.7248249:-75.008019:-75.0928191
8014,NJ,Bridgeport,39.8443679:39.7710249:-75.324563:-75.3984169
8015,NJ,Browns Mills,40.027237:39.8334889:-74.409505:-74.6377738
8016,NJ,Burlington,40.1203429:40.0247039:-74.7654329:-74.898776
8018,NJ,Cedar Brook,39.7228199802915:39.7201220197085:-74.9003368197085:-74.9030347802915
8019,NJ,Chatsworth,39.882253:39.635354:-74.4255589:-74.619182
8020,NJ,Clarksboro,39.825505:39.7724599:-75.1971351:-75.2499051
8021,NJ,Clementon,39.836523:39.7715279:-74.9527101:-75.0548768
8022,NJ,Columbus,40.1179711:39.9943448:-74.638016:-74.772249
8023,NJ,Deepwater,39.686266:39.6792669:-75.4857549:-75.493235
8025,NJ,Ewan,39.7004168802915:39.6977189197085:-75.1873579197085:-75.1900558802915
8026,NJ,Gibbsboro,39.8457011:39.8176109:-74.947361:-74.986745
8027,NJ,Gibbstown,39.8518289:39.792795:-75.238809:-75.3458121
8028,NJ,Glassboro,39.73739:39.6533601:-75.0719149:-75.1768899
8029,NJ,Glendora,39.850513:39.8314211:-75.0495399:-75.0870191
8030,NJ,Gloucester City,39.908384:39.87261:-75.09491:-75.1456258
8031,NJ,Bellmawr,39.881056:39.8533088:-75.0604681:-75.1244019
8032,NJ,Grenloch,39.786006:39.7732067:-75.0510219:-75.0676362
8033,NJ,Haddonfield,39.917284:39.8726069:-75.0172469:-75.062879
8034,NJ,Cherry Hill,39.9403851:39.8741939:-74.9660301:-75.027208
8035,NJ,Haddon Heights,39.889879:39.8705328:-75.0460339:-75.0854941
8036,NJ,Hainesport,40.008452:39.942525:-74.787386:-74.865323
8037,NJ,Hammonton,39.7306911:39.539403:-74.5883448:-74.9300521
8038,NJ,Hancocks Bridge,39.5115118:39.464181:-75.4516969:-75.512743
8039,NJ,Harrisonville,39.6966309:39.6848699:-75.258482:-75.266223
8041,NJ,Jobstown,40.0663391:40.008693:-74.632174:-74.731206
8042,NJ,Juliustown,40.0159:40.006684:-74.6580428:-74.6700148
8043,NJ,Voorhees,39.8748469:39.809486:-74.9086069:-75.0184739
8045,NJ,Lawnside,39.8789239:39.857724:-75.0118261:-75.04704
8046,NJ,Willingboro,40.057047:39.9971509:-74.8517619:-74.9284749
8048,NJ,Lumberton,39.987747:39.9311031:-74.7487358:-74.862526
8049,NJ,Magnolia,39.8630039:39.844414:-75.018863:-75.0534239
8050,NJ,Manahawkin,39.759311:39.6453161:-74.17635:-74.3505481
8051,NJ,Mantua,39.819152:39.764237:-75.15633:-75.198708
8052,NJ,Maple Shade,39.9734829:39.9269399:-74.9667429:-75.0192121
8053,NJ,Marlton,39.9198279:39.7816311:-74.857972:-74.956034
8054,NJ,Mount Laurel,40.000208:39.9131919:-74.8485501:-74.983717
8055,NJ,Medford,39.9360579:39.774471:-74.754367:-74.8631171
8056,NJ,Mickleton,39.817201:39.756245:-75.2126871:-75.289916
8057,NJ,Moorestown,40.0153441:39.9371749:-74.88078:-75.0042821
8059,NJ,Mount Ephraim,39.901734:39.8720361:-75.080112:-75.108315
8060,NJ,Mount Holly,40.04418:39.9745348:-74.70975:-74.8724239
8061,NJ,Mount Royal,39.8213499:39.788031:-75.186478:-75.227403
8062,NJ,Mullica Hill,39.7726309:39.661355:-75.1495249:-75.286109
8063,NJ,National Park,39.8806599:39.8569198:-75.1689931:-75.199857
8064,NJ,New Lisbon,39.959595:39.9563069:-74.6259759:-74.628872
8065,NJ,Palmyra,40.016194:39.991529:-75.010229:-75.059913
8066,NJ,Paulsboro,39.85856:39.812208:-75.17867:-75.2833039
8067,NJ,Pedricktown,39.7959329:39.681624:-75.3610609:-75.466235
8068,NJ,Pemberton,40.011251:39.908186:-74.5916088:-74.7345469
8069,NJ,Penns Grove,39.7540739:39.659513:-75.3893669:-75.5045379
8070,NJ,Pennsville,39.698305:39.566916:-75.462867:-75.5597921
8071,NJ,Pitman,39.749441:39.714821:-75.109271:-75.1567319
8072,NJ,Quinton,39.5472789802915:39.5445810197085:-75.4111975197085:-75.4138954802915
8073,NJ,Rancocas,40.0118664802915:40.0091685197085:-74.8666670197085:-74.8693649802915
8074,NJ,Richwood,39.730066:39.71995:-75.153105:-75.1662931
8075,NJ,Riverside,40.068785:39.9918119:-74.9057331:-74.9901951
8076,NJ,Riverton,40.0113489802915:40.0086510197085:-75.0186510197085:-75.0213489802915
8077,NJ,Riverton,40.0374989:39.967462:-74.958302:-75.0305828
8078,NJ,Runnemede,39.861683:39.840559:-75.0482679:-75.0994098
8079,NJ,Salem,39.6773039:39.4707381:-75.3410439:-75.5333639
8080,NJ,Sewell,39.810379:39.7087159:-75.0238739:-75.2276961
8081,NJ,Sicklerville,39.789668:39.691091:-74.892901:-75.048191
8083,NJ,Somerdale,39.8593501:39.829425:-75.0017868:-75.0583361
8084,NJ,Stratford,39.841619:39.818835:-74.993797:-75.0389419
8085,NJ,Swedesboro,39.8419149:39.6797241:-75.2647339:-75.450688
8086,NJ,Thorofare,39.882649:39.8013901:-75.159384:-75.2286341
8087,NJ,Tuckerton,39.7124459:39.5052868:-74.253842:-74.4969748
8088,NJ,Vincentown,39.982245:39.716505:-74.5028239:-74.82584
8089,NJ,Waterford Works,39.7513689:39.6875:-74.739221:-74.895905
8090,NJ,Wenonah,39.8129068:39.7807339:-75.12899:-75.1720771
8091,NJ,West Berlin,39.8206798:39.78376:-74.902546:-74.956989
8092,NJ,West Creek,39.702005:39.588871:-74.2177421:-74.335971
8093,NJ,Westville,39.884502:39.8376481:-75.1081771:-75.1685178
8094,NJ,Williamstown,39.726408:39.5559631:-74.8555:-75.091687
8095,NJ,Winslow,39.6582213802915:39.6555234197085:-74.8616154197085:-74.8643133802915
8096,NJ,West Deptford,39.8649819:39.7921899:-75.0751241:-75.1850961
8097,NJ,Woodbury Heights,39.83049:39.80046:-75.135692:-75.1657199
8098,NJ,Woodstown,39.713541:39.5564881:-75.230552:-75.426158
8099,NJ,Bellmawr,39.8713489802915:39.8686510197085:-75.0986510197085:-75.1013489802915
8101,NJ,Camden,39.9113475802915:39.9086496197085:-75.0968352197085:-75.0995331802915
8102,NJ,Camden,39.9711128:39.943188:-75.089305:-75.1344318
8103,NJ,Camden,39.9527409:39.9211508:-75.083197:-75.1362679
8104,NJ,Camden,39.9321089:39.899133:-75.0933841:-75.1348959
8105,NJ,Camden,39.975009:39.936154:-75.0670879:-75.1238209
8106,NJ,Audubon,39.9014249:39.880952:-75.0514731:-75.0945748
8107,NJ,Oaklyn,39.922534:39.8945718:-75.0606789:-75.101982
8108,NJ,Collingswood,39.9277851:39.897952:-75.037615:-75.088216
8109,NJ,Merchantville,39.976307:39.9246309:-75.0131141:-75.1076168
8110,NJ,Pennsauken,39.996451:39.933487:-75.01249:-75.088162
8201,NJ,Absecon,39.449193:39.3858848:-74.435234:-74.5380588
8202,NJ,Avalon,39.126929:39.060097:-74.695464:-74.7686491
8203,NJ,Brigantine,39.4577168:39.3655221:-74.320239:-74.4548309
8204,NJ,Cape May,39.0466288:38.9243699:-74.850748:-74.977156
8205,NJ,Absecon,39.545288:39.401624:-74.3298899:-74.5776449
8210,NJ,Cape May Court House,39.2041369:39.0083319:-74.708946:-74.924135
8212,NJ,Cape May Point,38.9423949:38.929257:-74.9595181:-74.977156
8213,NJ,Cologne,39.5005890302915:39.4978910697085:-74.6031508697085:-74.6058488302915
8214,NJ,Dennisville,39.1939093802915:39.1912114197085:-74.8194669197085:-74.8221648802915
8215,NJ,Egg Harbor City,39.7277799:39.442529:-74.4218269:-74.7364731
8217,NJ,Elwood,39.577629:39.574647:-74.715408:-74.7198669
8218,NJ,Goshen,39.1413969:39.1359519:-74.848876:-74.8542769
8219,NJ,Green Creek,39.0473003802915:39.0446024197085:-74.9001249197085:-74.9028228802915
8220,NJ,Leeds Point,39.4920716802915:39.4893737197085:-74.4346811197085:-74.4373790802915
8221,NJ,Linwood,39.368245:39.314071:-74.5263459:-74.5961279
8223,NJ,Marmora,39.309263:39.2172178:-74.5987969:-74.7172158
8224,NJ,New Gretna,39.5941001:39.576906:-74.4410679:-74.4600798
8225,NJ,Northfield,39.391263:39.3356459:-74.4932229:-74.580563
8226,NJ,Ocean City,39.3064139:39.204635:-74.5467539:-74.668404
8230,NJ,Ocean View,39.261834:39.138096:-74.648067:-74.773122
8231,NJ,Oceanville,39.4725073802915:39.4698094197085:-74.4594714197085:-74.4621693802915
8232,NJ,Pleasantville,39.414679:39.364795:-74.4768519:-74.5504638
8234,NJ,Egg Harbor Township,39.4608919:39.2928469:-74.521104:-74.740607
8240,NJ,Pomona,39.4989501:39.473331:-74.5166659:-74.5788839
8241,NJ,Port Republic,39.567858:39.498157:-74.4222558:-74.5189989
8242,NJ,Rio Grande,39.036598:38.999527:-74.840947:-74.925365
8243,NJ,Sea Isle City,39.201778:39.117486:-74.658276:-74.7200671
8244,NJ,Somers Point,39.337404:39.2881378:-74.5383031:-74.6343209
8245,NJ,South Dennis,39.1791458802915:39.1764479197085:-74.8183991197085:-74.8210970802915
8246,NJ,South Seaville,39.1805548802915:39.1778569197085:-74.7593143197085:-74.7620122802915
8247,NJ,Stone Harbor,39.088748:39.0138669:-74.7426069:-74.799993
8248,NJ,Strathmere,39.2162429:39.1876649:-74.6421189:-74.6797299
8250,NJ,Tuckahoe,39.2921100802915:39.2894121197085:-74.7528006197085:-74.7554985802915
8251,NJ,Villas,39.065953:38.994518:-74.9011021:-74.961923
8252,NJ,Whitesboro,39.0405733802915:39.0378754197085:-74.8577269:-74.860511
8260,NJ,Wildwood,39.031255:38.936191:-74.7792369:-74.88587
8270,NJ,Woodbine,39.3727961:39.1620399:-74.6706839:-74.9275161
8302,NJ,Bridgeton,39.5619569:39.303567:-75.102822:-75.416556
8310,NJ,Buena,39.570372:39.4950659:-74.8523461:-74.9492699
8311,NJ,Cedarville,39.372962:39.283284:-75.1124841:-75.3130989
8312,NJ,Clayton,39.681126:39.634955:-75.064958:-75.1207299
8313,NJ,Deerfield Street,39.5247403802915:39.5220424197085:-75.2348345197085:-75.2375324802915
8314,NJ,Delmont,39.2898461:39.1754889:-74.902311:-75.0050941
8315,NJ,Dividing Creek,39.2775041:39.2739999:-75.0967330697085:-75.0994310302915
8316,NJ,Dorchester,39.2754871:39.2616309:-74.969368:-74.9877631
8317,NJ,Dorothy,39.427074:39.379359:-74.7838808:-74.8752861
8318,NJ,Elmer,39.6250378:39.457372:-75.062302:-75.3259339
8319,NJ,Estell Manor,39.404965:39.3108229:-74.7562599:-74.8827539
8320,NJ,Fairton,39.3918439:39.3833939:-75.214411:-75.2220009
8321,NJ,Fortescue,39.2562189:39.179392:-75.1017968:-75.1774319
8322,NJ,Franklinville,39.6698358:39.5759879:-74.9595049:-75.109779
8323,NJ,Greenwich,39.4327789:39.344798:-75.309247:-75.443238
8324,NJ,Heislerville,39.2477359:39.1910789:-74.968177:-75.0308199
8326,NJ,Landisville,39.5655469:39.5138559:-74.893983:-74.9560219
8327,NJ,Leesburg,39.267192:39.2210289:-74.94859:-75.0367969
8328,NJ,Malaga,39.5987329:39.560461:-75.0392799:-75.076356
8329,NJ,Mauricetown,39.2899549:39.270431:-74.9836649:-75.006199
8330,NJ,Mays Landing,39.580953:39.3554198:-74.5914349:-74.8683661
8332,NJ,Millville,39.474028:39.2404259:-74.8518551:-75.178533
8340,NJ,Milmay,39.4768059:39.416511:-74.8441381:-74.896626
8341,NJ,Minotola,39.533934:39.51152:-74.9365069:-74.9739641
8342,NJ,Mizpah,39.4843079:39.4793979:-74.8365658:-74.8400718
8343,NJ,Monroeville,39.6975721:39.5938409:-75.088436:-75.2681049
8344,NJ,Newfield,39.6103309:39.5220191:-74.900587:-75.117723
8345,NJ,Newport,39.336663:39.241077:-75.0769051:-75.244155
8346,NJ,Newtonville,39.584557:39.5547229:-74.8329069:-74.8740009
8347,NJ,Norma,39.508956:39.503922:-75.0856149:-75.090076
8348,NJ,Port Elizabeth,39.331114:39.3004259:-74.914219:-74.979067
8349,NJ,Port Norris,39.321975:39.193315:-74.980465:-75.1834109
8350,NJ,Richland,39.5157989:39.4709429:-74.851667:-74.9084769
8352,NJ,Rosenhayn,39.474822:39.4697321:-75.126091:-75.1297171
8353,NJ,Shiloh,39.4660571:39.4528261:-75.279931:-75.311317
8360,NJ,Vineland,39.558167:39.4232439:-74.867851:-75.083891
8361,NJ,Vineland,39.513413:39.387454:-74.8902229:-75.024903
8362,NJ,Vineland,39.4713489802915:39.4686510197085:-74.9786510197085:-74.9813489802915
8401,NJ,Atlantic City,39.4065201:39.335544:-74.404054:-74.5055469
8402,NJ,Margate City,39.350136:39.3093469:-74.4850851:-74.5368809
8403,NJ,Longport,39.3381799:39.2988229:-74.515843:-74.5578061
8404,NJ,Atlantic City,39.3613489802915:39.3586510197085:-74.4286510197085:-74.4313489802915
8405,NJ,Atlantic City,39.3613489802915:39.3586510197085:-74.4186510197085:-74.4213489802915
8406,NJ,Ventnor City,39.3649878:39.3229709:-74.458641:-74.5064309
8501,NJ,Allentown,40.2194509:40.07913:-74.4717739:-74.6203038
8502,NJ,Belle Mead,40.471637:40.414492:-74.588155:-74.7158158
8504,NJ,Blawenburg,40.4086688802915:40.4059709197085:-74.7006871197085:-74.7033850802915
8505,NJ,Bordentown,40.179595:40.021608:-74.6702449:-74.800492
8510,NJ,Millstone Township,40.2245039:40.1359239:-74.353526:-74.479332
8511,NJ,Cookstown,40.0634188:40.0291759:-74.53005:-74.582694
8512,NJ,Cranbury,40.3621849:40.273778:-74.4760659:-74.5887281
8514,NJ,Cream Ridge,40.18882:40.0752109:-74.424594:-74.560149
8515,NJ,Chesterfield,40.1681168:40.056232:-74.5993538:-74.6989319
8518,NJ,Florence,40.127705:40.09317:-74.7680539:-74.8287358
8520,NJ,Hightstown,40.301096:40.212655:-74.481202:-74.5947299
8525,NJ,Hopewell,40.4511169:40.349284:-74.722161:-74.8472781
8526,NJ,Imlaystown,40.1713489802915:40.1686510197085:-74.5086510197085:-74.5113489802915
8527,NJ,Jackson,40.178098:40.0154549:-74.241539:-74.4579609
8528,NJ,Kingston,40.3994719:40.3743969:-74.6052211:-74.633102
8530,NJ,Lambertville,40.4211256:40.323882:-74.8233829:-74.9644049
8533,NJ,New Egypt,40.129585:39.9894819:-74.4287829:-74.5531051
8534,NJ,Pennington,40.377854:40.2842179:-74.737605:-74.858356
8535,NJ,Millstone Township,40.2737909:40.2019469:-74.3614139:-74.5431609
8536,NJ,Plainsboro,40.363461:40.3113729:-74.5453519:-74.6278848
8540,NJ,Princeton,40.460841:40.2901479:-74.5716328:-74.7567689
8541,NJ,Princeton,40.3494619802915:40.3467640197085:-74.6586852197085:-74.6613831802915
8542,NJ,Princeton,40.3627119:40.347974:-74.6498989:-74.669899
8543,NJ,Princeton,40.3494810802915:40.3467831197085:-74.6587222197085:-74.6614201802915
8544,NJ,Princeton,40.350418:40.344057:-74.6531961:-74.659221
8550,NJ,Princeton Junction,40.331505:40.242016:-74.5670788:-74.682987
8551,NJ,Ringoes,40.488239:40.3932409:-74.76247:-74.906993
8553,NJ,Rocky Hill,40.4071489:40.3938289:-74.629139:-74.649701
8554,NJ,Roebling,40.1250039:40.1045029:-74.761196:-74.7958169
8555,NJ,Roosevelt,40.235864:40.207333:-74.4553309:-74.485025
8556,NJ,Rosemont,40.4403219:40.41401:-74.9654371:-74.991165
8557,NJ,Sergeantsville,40.4473642802915:40.4446663197085:-74.9412452197085:-74.9439431802915
8558,NJ,Skillman,40.446847:40.375155:-74.6315251:-74.757571
8559,NJ,Stockton,40.4844359:40.380538:-74.872817:-75.0706779
8560,NJ,Titusville,40.3476941:40.2774068:-74.8041991:-74.9236059
8561,NJ,Windsor,40.2414906802915:40.2387927197085:-74.5818414197085:-74.5845393802915
8562,NJ,Wrightstown,40.1128519:40.03:-74.540585:-74.645406
8601,NJ,Trenton,40.2213489802915:40.2186510197085:-74.7386510197085:-74.7413489802915
8602,NJ,Trenton,40.2213489802915:40.2186510197085:-74.7386510197085:-74.7413489802915
8603,NJ,Trenton,40.2213489802915:40.2186510197085:-74.7386510197085:-74.7413489802915
8604,NJ,Trenton,40.2213489802915:40.2186510197085:-74.7386510197085:-74.7413489802915
8605,NJ,Trenton,40.2213489802915:40.2186510197085:-74.7386510197085:-74.7413489802915
8606,NJ,Trenton,40.2213489802915:40.2186510197085:-74.7386510197085:-74.7413489802915
8607,NJ,Trenton,40.2213489802915:40.2186510197085:-74.7386510197085:-74.7413489802915
8608,NJ,Trenton,40.22614:40.212905:-74.7553079:-74.7749268
8609,NJ,Trenton,40.2376629:40.2135279:-74.7188861:-74.759435
8610,NJ,Trenton,40.223088:40.175044:-74.670079:-74.752841
8611,NJ,Trenton,40.221984:40.1469948:-74.714247:-74.778302
8618,NJ,Trenton,40.2922079:40.2197139:-74.7532:-74.819507
8619,NJ,Trenton,40.2709029:40.204821:-74.660287:-74.736454
8620,NJ,Trenton,40.1938719:40.136843:-74.596593:-74.7061728
8625,NJ,Trenton,40.2220518802915:40.2193539197085:-74.7594840197085:-74.7621819802915
8628,NJ,Trenton,40.2907751:40.2415499:-74.780667:-74.8565078
8629,NJ,Trenton,40.2298759:40.2099649:-74.7200699:-74.742936
8638,NJ,Trenton,40.289518:40.2249079:-74.73151:-74.7908959
8640,NJ,Fort Dix,40.0355858:39.986567:-74.5697609:-74.672958
8641,NJ,Trenton,40.0586149:39.9926139:-74.5460119:-74.6169071
8644,NJ,Trenton,50.099105:50.0866639:30.2143198:30.195117
8645,NJ,Trenton,40.2213489802915:40.2186510197085:-74.7386510197085:-74.7413489802915
8646,NJ,Trenton,40.2213489802915:40.2186510197085:-74.7386510197085:-74.7413489802915
8647,NJ,Trenton,40.2213489802915:40.2186510197085:-74.7386510197085:-74.7413489802915
8648,NJ,Lawrence Township,40.3266799:40.2398109:-74.665966:-74.7630469
8650,NJ,Trenton,40.1971989:40.1890491:-74.6462771:-74.6556919
8666,NJ,Trenton,40.2225113802915:40.2198134197085:-74.7596098197085:-74.7623077802915
8690,NJ,Trenton,40.268249:40.1953928:-74.6263489:-74.6945799
8691,NJ,Trenton,40.2531101:40.1588799:-74.474933:-74.677518
8695,NJ,Trenton,40.2213489802915:40.2186510197085:-74.7386510197085:-74.7413489802915
8701,NJ,Lakewood,40.12028:40.023834:-74.1490829:-74.262529
8720,NJ,Allenwood,40.149799:40.1246299:-74.0855059:-74.114363
8721,NJ,Bayville,39.941275:39.867298:-74.095925:-74.259437
8722,NJ,Beachwood,39.9456681:39.9107819:-74.1782839:-74.2179749
8723,NJ,Brick,40.081587:40.008035:-74.0511199:-74.1619949
8724,NJ,Brick,40.137797:40.0515831:-74.0587718:-74.1550208
8730,NJ,Brielle,40.1209049:40.089168:-74.0428689:-74.0858778
8731,NJ,Forked River,39.946078:39.7964341:-74.0930691:-74.4039349
8732,NJ,Island Heights,39.9522939:39.9330019:-74.125609:-74.1582839
8733,NJ,Lakehurst,40.0413919:40.0037439:-74.2954891:-74.3551809
8734,NJ,Lanoka Harbor,39.9059869:39.76306:-74.0737081:-74.2194489
8735,NJ,Lavallette,40.008035:39.9583019:-74.0538101:-74.099881
8736,NJ,Manasquan,40.1408539:40.0979699:-74.0312809:-74.0970269
8738,NJ,Mantoloking,40.0593158:40.0003321:-74.0401049:-74.0867348
8739,NJ,Normandy Beach,40.0035637802915:40.0008658197085:-74.0597732197085:-74.0624711802915
8740,NJ,Ocean Gate,39.9347561:39.922646:-74.123779:-74.147201
8741,NJ,Pine Beach,39.948063:39.928593:-74.147997:-74.190129
8742,NJ,Point Pleasant Beach,40.105333:40.0566:-74.029107:-74.09518
8750,NJ,Sea Girt,40.1466029:40.117415:-74.02148:-74.0686729
8751,NJ,Seaside Heights,39.961719:39.9260341:-74.062924:-74.1139289
8752,NJ,Seaside Park,39.9375378:39.86358:-74.0666408:-74.101274
8753,NJ,Toms River,40.032486:39.9343239:-74.0867348:-74.213618
8754,NJ,Toms River,39.9542814802915:39.9515835197085:-74.1995136197085:-74.2022115802915
8755,NJ,Toms River,40.0587159:39.9499409:-74.1829471:-74.26899
8756,NJ,Toms River,39.9542814802915:39.9515835197085:-74.1995136197085:-74.2022115802915
8757,NJ,Toms River,40.015495:39.9215899:-74.189313:-74.316287
8758,NJ,Waretown,39.850735:39.7623981:-74.163147:-74.3312331
8759,NJ,Manchester Township,40.053857:39.8538269:-74.23969:-74.4761121
8801,NJ,Annandale,40.690881:40.561006:-74.843029:-74.9345249
8802,NJ,Asbury,40.737429:40.6173659:-74.9750949:-75.07908
8803,NJ,Baptistown,40.5250193802915:40.5223214197085:-75.0046820197085:-75.0073799802915
8804,NJ,Bloomsbury,40.68266:40.611319:-75.0430559:-75.1554593
8805,NJ,Bound Brook,40.5884999:40.554182:-74.5121829:-74.5649739
8807,NJ,Bridgewater,40.642762:40.5476239:-74.544316:-74.6879029
8808,NJ,Broadway,40.7326631802915:40.7299652197085:-75.0501782197085:-75.0528761802915
8809,NJ,Clinton,40.6877039:40.612719:-74.882308:-74.962549
8810,NJ,Dayton,40.397194:40.3461361:-74.460337:-74.532448
8812,NJ,Dunellen,40.622927:40.580725:-74.4523209:-74.517733
8816,NJ,East Brunswick,40.488845:40.371107:-74.3558539:-74.4779301
8817,NJ,Edison,40.549749:40.4778:-74.3575411:-74.436114
8818,NJ,Edison,40.5277730802915:40.5250751197085:-74.3856332197085:-74.3883311802915
8820,NJ,Edison,40.6057311:40.5460098:-74.332087:-74.4044799
8821,NJ,Flagtown,40.520845:40.517439:-74.684373:-74.6887249
8822,NJ,Flemington,40.583246:40.452484:-74.749947:-74.9931199
8823,NJ,Franklin Park,40.460821:40.423908:-74.531476:-74.5930131
8824,NJ,Kendall Park,40.441383:40.3944258:-74.51603:-74.586148
8825,NJ,Frenchtown,40.5715158:40.4512631:-74.9285709:-75.0687979
8826,NJ,Glen Gardner,40.7864249:40.669287:-74.843722:-74.9579469
8827,NJ,Hampton,40.732681:40.597091:-74.931923:-75.015213
8828,NJ,Helmetta,40.38755:40.3664239:-74.4098158:-74.4385949
8829,NJ,High Bridge,40.6839249:40.6538339:-74.8744129:-74.912127
8830,NJ,Iselin,40.585885:40.551522:-74.2944481:-74.337175
8831,NJ,Monroe Township,40.410127:40.2511219:-74.331664:-74.5044351
8832,NJ,Keasbey,40.526935:40.5040784:-74.290018:-74.3288728
8833,NJ,Lebanon,40.7164969:40.571174:-74.737797:-74.890697
8834,NJ,Little York,40.6113489802915:40.6086510197085:-75.0786510197085:-75.0813489802915
8835,NJ,Manville,40.5591219:40.5266911:-74.5643511:-74.607765
8836,NJ,Martinsville,40.6245369:40.5762449:-74.519731:-74.586516
8837,NJ,Edison,40.5662789:40.470628:-74.308861:-74.403548
8840,NJ,Metuchen,40.5550889:40.5276429:-74.3449129:-74.381507
8844,NJ,Hillsborough,40.5647619:40.43138:-74.5721361:-74.8016651
8846,NJ,Middlesex,40.593371:40.5553239:-74.4694459:-74.527025
8848,NJ,Milford,40.633932:40.536544:-75.0123551:-75.1954959
8850,NJ,Milltown,40.468605:40.429801:-74.4155128:-74.461295
8852,NJ,Monmouth Junction,40.4283811:40.357679:-74.4987751:-74.6108971
8853,NJ,Neshanic Station,40.5585639:40.501907:-74.6995:-74.7844031
8854,NJ,Piscataway,40.5971879:40.5055798:-74.4086819:-74.519503
8855,NJ,Piscataway,40.5400481802915:40.5373502197085:-74.4701851197085:-74.4728830802915
8857,NJ,Old Bridge,40.4559859:40.339445:-74.2688419:-74.3900548
8858,NJ,Oldwick,40.6669375802915:40.6642396197085:-74.7467189197085:-74.7494168802915
8859,NJ,Parlin,40.477981:40.4373311:-74.2645309:-74.3440129
8861,NJ,Perth Amboy,40.54573:40.494507:-74.246069:-74.300511
8862,NJ,Perth Amboy,40.5116640802915:40.5089661197085:-74.2695835197085:-74.2722814802915
8863,NJ,Fords,40.5531469:40.498246:-74.2940911:-74.331278
8865,NJ,Phillipsburg,40.79016:40.5917759:-75.060121:-75.2039209
8867,NJ,Pittstown,40.636192:40.5168461:-74.9093911:-75.0592786
8868,NJ,Quakertown,40.5678727802915:40.5651748197085:-74.9417170197085:-74.9444149802915
8869,NJ,Raritan,40.5860441:40.552658:-74.6161239:-74.6620261
8870,NJ,Readington,40.5703648802915:40.5676669197085:-74.7371301197085:-74.7398280802915
8871,NJ,Sayreville,40.4616816802915:40.4589837197085:-74.3595466197085:-74.3622445802915
8872,NJ,Sayreville,40.5082049:40.421003:-74.2943611:-74.3784929
8873,NJ,Somerset,40.556135:40.441383:-74.4590419:-74.591703
8875,NJ,Somerset,40.4976364802915:40.4949385197085:-74.5239536197085:-74.5266515802915
8876,NJ,Somerville,40.634645:40.5362169:-74.666423:-74.7468669
8879,NJ,South Amboy,40.506425:40.4249299:-74.2348838:-74.302865
8880,NJ,South Bound Brook,40.559635:40.5451489:-74.5164749:-74.5448729
8882,NJ,South River,40.4638781:40.4289459:-74.3519009:-74.404088
8884,NJ,Spotswood,40.4134898:40.3793959:-74.365422:-74.413033
8885,NJ,Stanton,40.5769139802915:40.5742160197085:-74.8364859197085:-74.8391838802915
8886,NJ,Stewartsville,40.7382968:40.6531419:-75.062269:-75.16447
8887,NJ,Three Bridges,40.5326139:40.519964:-74.772664:-74.8018029
8888,NJ,Whitehouse,40.6223189:40.618521:-74.7500911:-74.764906
8889,NJ,Whitehouse Station,40.6744039:40.5490419:-74.7129618:-74.826146
8890,NJ,Zarephath,40.5413489802915:40.5386510197085:-74.5786510197085:-74.5813489802915
8899,NJ,Edison,40.5208049302915:40.5181069697085:-74.4174773:-74.4236979
8901,NJ,New Brunswick,40.5092269:40.46709:-74.393041:-74.4895239
8902,NJ,North Brunswick,40.4779429:40.3950989:-74.4381339:-74.531476
8903,NJ,New Brunswick,40.5213489802915:40.5186510197085:-74.4086510197085:-74.4113489802915
8904,NJ,Highland Park,40.5144639:40.4875581:-74.410895:-74.445999
8905,NJ,New Brunswick,41.3746761:41.3646404:2.1167518:2.103163
8906,NJ,New Brunswick,40.4913489802915:40.4886510197085:-74.4486510197085:-74.4513489802915
8922,NJ,New Brunswick,41.4536017:41.4443835:2.2204156:2.2015981
8933,NJ,New Brunswick,40.508219:40.499759:-74.440294:-74.4584529
8989,NJ,New Brunswick,40.4513489802915:40.4486510197085:-74.4786510197085:-74.4813489802915
